termek,nev,ar,mennyiseg
P001,Fehér póló XXL,3200,27
P001,Fehér póló XXL,3200,21
P001,Fehér póló XXL,3200,29
P001,Fehér póló XXL,3200,25
P001,Fehér póló XXL,3200,20
P001,Fehér póló XXL,3200,25
P001,Fehér póló XXL,3200,20
P001,Fehér póló XXL,3200,28
P001,Fehér póló XXL,3200,22
P001,Fehér póló XXL,3200,22
P001,Fehér póló XXL,3200,25
P001,Fehér póló XXL,3200,26
P001,Fehér póló XXL,3200,21
P001,Fehér póló XXL,3200,22
P002,Fehér póló XL,1800,34
P002,Fehér póló XL,1800,40
P002,Fehér póló XL,1800,39
P002,Fehér póló XL,1800,38
P002,Fehér póló XL,1800,35
P003,Fehér póló L,2200,38
P003,Fehér póló L,2200,39
P003,Fehér póló L,2200,40
P003,Fehér póló L,2200,41
P003,Fehér póló L,2200,42
P003,Fehér póló L,2200,38
P003,Fehér póló L,2200,40
P003,Fehér póló L,2200,38
P003,Fehér póló L,2200,46
P003,Fehér póló L,2200,38
P003,Fehér póló L,2200,43
P004,Fehér póló M,2500,44
P004,Fehér póló M,2500,42
P004,Fehér póló M,2500,43
P004,Fehér póló M,2500,47
P004,Fehér póló M,2500,49
P004,Fehér póló M,2500,48
P005,Fehér póló S,3100,61
P005,Fehér póló S,3100,63
P005,Fehér póló S,3100,58
P005,Fehér póló S,3100,56
P005,Fehér póló S,3100,59
P005,Fehér póló S,3100,63
P005,Fehér póló S,3100,59
P005,Fehér póló S,3100,57
P005,Fehér póló S,3100,62
P005,Fehér póló S,3100,54
P005,Fehér póló S,3100,54
P005,Fehér póló S,3100,58
P005,Fehér póló S,3100,63
P005,Fehér póló S,3100,56
P005,Fehér póló S,3100,57
P005,Fehér póló S,3100,55
P005,Fehér póló S,3100,63
P006,Fekete póló XXL,4000,7
P006,Fekete póló XXL,4000,6
P006,Fekete póló XXL,4000,9
P006,Fekete póló XXL,4000,1
P006,Fekete póló XXL,4000,3
P006,Fekete póló XXL,4000,3
P006,Fekete póló XXL,4000,8
P006,Fekete póló XXL,4000,3
P006,Fekete póló XXL,4000,1
P006,Fekete póló XXL,4000,0
P006,Fekete póló XXL,4000,5
P006,Fekete póló XXL,4000,9
P006,Fekete póló XXL,4000,3
P006,Fekete póló XXL,4000,7
P007,Fekete póló XL,1900,11
P007,Fekete póló XL,1900,11
P007,Fekete póló XL,1900,14
P007,Fekete póló XL,1900,8
P007,Fekete póló XL,1900,16
P007,Fekete póló XL,1900,8
P007,Fekete póló XL,1900,7
P007,Fekete póló XL,1900,8
P007,Fekete póló XL,1900,7
P008,Fekete póló L,2300,9
P008,Fekete póló L,2300,11
P008,Fekete póló L,2300,7
P008,Fekete póló L,2300,10
P008,Fekete póló L,2300,15
P008,Fekete póló L,2300,10
P008,Fekete póló L,2300,15
P008,Fekete póló L,2300,6
P008,Fekete póló L,2300,9
P008,Fekete póló L,2300,12
P008,Fekete póló L,2300,14
P008,Fekete póló L,2300,6
P009,Fekete póló M,2700,7
P009,Fekete póló M,2700,11
P009,Fekete póló M,2700,8
P009,Fekete póló M,2700,6
P009,Fekete póló M,2700,9
P009,Fekete póló M,2700,9
P009,Fekete póló M,2700,9
P009,Fekete póló M,2700,10
P009,Fekete póló M,2700,12
P009,Fekete póló M,2700,11
P009,Fekete póló M,2700,7
P010,Fekete póló S,2400,14
P010,Fekete póló S,2400,9
P010,Fekete póló S,2400,15
P010,Fekete póló S,2400,14
P010,Fekete póló S,2400,13
P010,Fekete póló S,2400,12
P010,Fekete póló S,2400,12
P010,Fekete póló S,2400,14
P010,Fekete póló S,2400,14
P010,Fekete póló S,2400,15
P010,Fekete póló S,2400,14
P011,Piros póló XXL,2000,18
P011,Piros póló XXL,2000,17
P011,Piros póló XXL,2000,12
P011,Piros póló XXL,2000,16
P011,Piros póló XXL,2000,13
P011,Piros póló XXL,2000,16
P011,Piros póló XXL,2000,10
P011,Piros póló XXL,2000,14
P011,Piros póló XXL,2000,14
P011,Piros póló XXL,2000,14
P011,Piros póló XXL,2000,14
P011,Piros póló XXL,2000,11
P011,Piros póló XXL,2000,15
P011,Piros póló XXL,2000,15
P011,Piros póló XXL,2000,10
P011,Piros póló XXL,2000,10
P011,Piros póló XXL,2000,16
P012,Piros póló XL,2200,10
P012,Piros póló XL,2200,13
P012,Piros póló XL,2200,19
P012,Piros póló XL,2200,19
P012,Piros póló XL,2200,11
P012,Piros póló XL,2200,19
P012,Piros póló XL,2200,14
P012,Piros póló XL,2200,16
P012,Piros póló XL,2200,10
P012,Piros póló XL,2200,15
P012,Piros póló XL,2200,14
P012,Piros póló XL,2200,17
P013,Piros póló L,3000,92
P013,Piros póló L,3000,94
P013,Piros póló L,3000,101
P013,Piros póló L,3000,93
P013,Piros póló L,3000,93
P013,Piros póló L,3000,94
P013,Piros póló L,3000,92
P013,Piros póló L,3000,98
P014,Piros póló M,3200,23
P014,Piros póló M,3200,26
P014,Piros póló M,3200,28
P014,Piros póló M,3200,29
P014,Piros póló M,3200,29
P014,Piros póló M,3200,22
P014,Piros póló M,3200,28
P014,Piros póló M,3200,24
P014,Piros póló M,3200,24
P014,Piros póló M,3200,26
P014,Piros póló M,3200,30
P015,Piros póló S,1700,9
P015,Piros póló S,1700,6
P015,Piros póló S,1700,7
P015,Piros póló S,1700,1
P015,Piros póló S,1700,1
P015,Piros póló S,1700,2
P015,Piros póló S,1700,5
P015,Piros póló S,1700,2
P015,Piros póló S,1700,4
P015,Piros póló S,1700,2
P015,Piros póló S,1700,6
N001,Fekete nadrág 54,10000,55
N001,Fekete nadrág 54,10000,50
N001,Fekete nadrág 54,10000,54
N001,Fekete nadrág 54,10000,49
N001,Fekete nadrág 54,10000,52
N001,Fekete nadrág 54,10000,56
N001,Fekete nadrág 54,10000,52
N001,Fekete nadrág 54,10000,55
N002,Fekete nadrág 52,11000,45
N002,Fekete nadrág 52,11000,40
N002,Fekete nadrág 52,11000,46
N002,Fekete nadrág 52,11000,43
N002,Fekete nadrág 52,11000,39
N002,Fekete nadrág 52,11000,42
N002,Fekete nadrág 52,11000,46
N002,Fekete nadrág 52,11000,40
N002,Fekete nadrág 52,11000,44
N002,Fekete nadrág 52,11000,46
N002,Fekete nadrág 52,11000,39
N002,Fekete nadrág 52,11000,41
N002,Fekete nadrág 52,11000,42
N002,Fekete nadrág 52,11000,48
N002,Fekete nadrág 52,11000,45
N003,Fekete nadrág 50,12000,58
N003,Fekete nadrág 50,12000,60
N003,Fekete nadrág 50,12000,64
N003,Fekete nadrág 50,12000,58
N003,Fekete nadrág 50,12000,60
N003,Fekete nadrág 50,12000,61
N003,Fekete nadrág 50,12000,62
N003,Fekete nadrág 50,12000,62
N003,Fekete nadrág 50,12000,62
N003,Fekete nadrág 50,12000,66
N003,Fekete nadrág 50,12000,58
N003,Fekete nadrág 50,12000,58
N003,Fekete nadrág 50,12000,65
N003,Fekete nadrág 50,12000,63
N003,Fekete nadrág 50,12000,61
N004,Fekete nadrág 58,11000,45
N004,Fekete nadrág 58,11000,48
N004,Fekete nadrág 58,11000,48
N004,Fekete nadrág 58,11000,49
N004,Fekete nadrág 58,11000,44
N004,Fekete nadrág 58,11000,45
N004,Fekete nadrág 58,11000,47
N004,Fekete nadrág 58,11000,44
N004,Fekete nadrág 58,11000,40
N004,Fekete nadrág 58,11000,48
N004,Fekete nadrág 58,11000,45
N004,Fekete nadrág 58,11000,41
N004,Fekete nadrág 58,11000,45
N004,Fekete nadrág 58,11000,43
N005,Szürke nadrág 54,10000,42
N005,Szürke nadrág 54,10000,38
N005,Szürke nadrág 54,10000,42
N005,Szürke nadrág 54,10000,41
N005,Szürke nadrág 54,10000,42
N005,Szürke nadrág 54,10000,41
N005,Szürke nadrág 54,10000,42
N005,Szürke nadrág 54,10000,41
N005,Szürke nadrág 54,10000,36
N005,Szürke nadrág 54,10000,37
N005,Szürke nadrág 54,10000,45
N005,Szürke nadrág 54,10000,37
N006,Szürke nadrág 52,11000,49
N006,Szürke nadrág 52,11000,48
N006,Szürke nadrág 52,11000,52
N006,Szürke nadrág 52,11000,45
N006,Szürke nadrág 52,11000,51
N006,Szürke nadrág 52,11000,44
N006,Szürke nadrág 52,11000,52
N006,Szürke nadrág 52,11000,51
N006,Szürke nadrág 52,11000,52
N006,Szürke nadrág 52,11000,52
N006,Szürke nadrág 52,11000,45
N006,Szürke nadrág 52,11000,50
N007,Szürke nadrág 50,12000,42
N007,Szürke nadrág 50,12000,43
N007,Szürke nadrág 50,12000,45
N007,Szürke nadrág 50,12000,39
N007,Szürke nadrág 50,12000,48
N007,Szürke nadrág 50,12000,47
N007,Szürke nadrág 50,12000,40
N007,Szürke nadrág 50,12000,40
N007,Szürke nadrág 50,12000,47
N008,Szürke nadrág 58,10000,53
N008,Szürke nadrág 58,10000,53
N008,Szürke nadrág 58,10000,50
N008,Szürke nadrág 58,10000,51
N008,Szürke nadrág 58,10000,47
N008,Szürke nadrág 58,10000,56
N008,Szürke nadrág 58,10000,52
N008,Szürke nadrág 58,10000,56
N008,Szürke nadrág 58,10000,47
N008,Szürke nadrág 58,10000,51
N008,Szürke nadrág 58,10000,55
N008,Szürke nadrág 58,10000,47
N008,Szürke nadrág 58,10000,48
N008,Szürke nadrág 58,10000,49
N008,Szürke nadrág 58,10000,56
N008,Szürke nadrág 58,10000,52
B001,Baseball sapka fekete,1000,32
B001,Baseball sapka fekete,1000,28
B001,Baseball sapka fekete,1000,27
B001,Baseball sapka fekete,1000,25
B001,Baseball sapka fekete,1000,28
B001,Baseball sapka fekete,1000,31
B001,Baseball sapka fekete,1000,30
B001,Baseball sapka fekete,1000,27
B001,Baseball sapka fekete,1000,29
B001,Baseball sapka fekete,1000,30
B001,Baseball sapka fekete,1000,23
B001,Baseball sapka fekete,1000,27
B001,Baseball sapka fekete,1000,23
B002,Baseball sapka fehér,900,22
B002,Baseball sapka fehér,900,28
B002,Baseball sapka fehér,900,20
B002,Baseball sapka fehér,900,23
B002,Baseball sapka fehér,900,21
B002,Baseball sapka fehér,900,26
B002,Baseball sapka fehér,900,25
B002,Baseball sapka fehér,900,25
B002,Baseball sapka fehér,900,26
B002,Baseball sapka fehér,900,29
B002,Baseball sapka fehér,900,20
B002,Baseball sapka fehér,900,22
B002,Baseball sapka fehér,900,25
B003,Baseball sapka piros,800,24
B003,Baseball sapka piros,800,28
B003,Baseball sapka piros,800,31
B003,Baseball sapka piros,800,25
B003,Baseball sapka piros,800,29
B003,Baseball sapka piros,800,24
B003,Baseball sapka piros,800,33
B003,Baseball sapka piros,800,26
B003,Baseball sapka piros,800,24
B003,Baseball sapka piros,800,29
B003,Baseball sapka piros,800,33
S001,Stresszlabda kék,800,12
S001,Stresszlabda kék,800,19
S001,Stresszlabda kék,800,20
S001,Stresszlabda kék,800,15
S001,Stresszlabda kék,800,17
S001,Stresszlabda kék,800,14
S001,Stresszlabda kék,800,12
S001,Stresszlabda kék,800,20
S001,Stresszlabda kék,800,18
S002,Stresszlabda piros,700,19
S002,Stresszlabda piros,700,11
S002,Stresszlabda piros,700,19
S002,Stresszlabda piros,700,20
S002,Stresszlabda piros,700,12
S002,Stresszlabda piros,700,18
S002,Stresszlabda piros,700,19
S002,Stresszlabda piros,700,12
S002,Stresszlabda piros,700,19
S002,Stresszlabda piros,700,17
S002,Stresszlabda piros,700,16
S002,Stresszlabda piros,700,19
S002,Stresszlabda piros,700,14
S002,Stresszlabda piros,700,11
S002,Stresszlabda piros,700,12
S002,Stresszlabda piros,700,18
S002,Stresszlabda piros,700,16
S002,Stresszlabda piros,700,20
S002,Stresszlabda piros,700,16
S003,Stresszlabda sárga,600,17
S003,Stresszlabda sárga,600,24
S003,Stresszlabda sárga,600,26
S003,Stresszlabda sárga,600,23
S003,Stresszlabda sárga,600,23
S003,Stresszlabda sárga,600,24
S003,Stresszlabda sárga,600,20
S003,Stresszlabda sárga,600,26
S003,Stresszlabda sárga,600,26
S003,Stresszlabda sárga,600,19
S003,Stresszlabda sárga,600,23
S003,Stresszlabda sárga,600,20
S004,Stresszlabda zöld,500,9
S004,Stresszlabda zöld,500,6
S004,Stresszlabda zöld,500,10
S004,Stresszlabda zöld,500,6
S004,Stresszlabda zöld,500,8
S004,Stresszlabda zöld,500,5
S004,Stresszlabda zöld,500,5
S004,Stresszlabda zöld,500,9
S004,Stresszlabda zöld,500,9
S004,Stresszlabda zöld,500,10
S004,Stresszlabda zöld,500,9
S004,Stresszlabda zöld,500,6
BG01,Bögre kék,1000,9
BG01,Bögre kék,1000,11
BG01,Bögre kék,1000,7
BG01,Bögre kék,1000,15
BG01,Bögre kék,1000,13
BG01,Bögre kék,1000,8
BG01,Bögre kék,1000,10
BG01,Bögre kék,1000,11
BG01,Bögre kék,1000,10
BG01,Bögre kék,1000,7
BG01,Bögre kék,1000,14
BG01,Bögre kék,1000,15
BG01,Bögre kék,1000,11
BG01,Bögre kék,1000,9
BG01,Bögre kék,1000,9
BG01,Bögre kék,1000,10
BG02,Bögre piros,1200,5
BG02,Bögre piros,1200,5
BG02,Bögre piros,1200,7
BG02,Bögre piros,1200,8
BG02,Bögre piros,1200,11
BG02,Bögre piros,1200,13
BG03,Bögre sárga,1100,3
BG03,Bögre sárga,1100,7
BG03,Bögre sárga,1100,6
BG03,Bögre sárga,1100,5
BG03,Bögre sárga,1100,10
BG03,Bögre sárga,1100,4
BG03,Bögre sárga,1100,5
BG03,Bögre sárga,1100,3
BG03,Bögre sárga,1100,11
BG04,Bögre zöld,1000,8
BG04,Bögre zöld,1000,16
BG04,Bögre zöld,1000,15
BG04,Bögre zöld,1000,9
BG04,Bögre zöld,1000,14
BG04,Bögre zöld,1000,13
BG04,Bögre zöld,1000,13
BG04,Bögre zöld,1000,12
BG04,Bögre zöld,1000,15
K001,Kitûzõ kék,500,37
K001,Kitûzõ kék,500,36
K001,Kitûzõ kék,500,40
K001,Kitûzõ kék,500,40
K001,Kitûzõ kék,500,34
K001,Kitûzõ kék,500,42
K002,Kitûzõ piros,400,40
K002,Kitûzõ piros,400,36
K002,Kitûzõ piros,400,38
K002,Kitûzõ piros,400,34
K002,Kitûzõ piros,400,34
K002,Kitûzõ piros,400,37
K003,Kitûzõ sárga,600,26
K003,Kitûzõ sárga,600,27
K003,Kitûzõ sárga,600,25
K003,Kitûzõ sárga,600,31
K003,Kitûzõ sárga,600,29
K003,Kitûzõ sárga,600,26
K003,Kitûzõ sárga,600,31
K003,Kitûzõ sárga,600,31
K003,Kitûzõ sárga,600,26
K004,Kitûzõ kék,500,10
K004,Kitûzõ kék,500,16
K004,Kitûzõ kék,500,16
K004,Kitûzõ kék,500,19
K004,Kitûzõ kék,500,16
K004,Kitûzõ kék,500,17
K004,Kitûzõ kék,500,19
K004,Kitûzõ kék,500,11
K004,Kitûzõ kék,500,19
